cell_id,total_counts,genes_detected,mito_counts,percentage_mito,qc_status
SMC01-T_AAACCTGCATACGCCG,38052,4866,4917,12.921791233049513,pass QC
SMC01-T_AAACCTGGTCGCATAT,33750,5268,2957,8.761481481481482,pass QC
SMC01-T_AAACCTGTCCCTTGCA,7356,1714,1450,19.711799891245242,fail QC
SMC01-T_AAACGGGAGGGAAACA,3752,1229,358,9.541577825159916,pass QC
SMC01-T_AAACGGGGTATAGGTA,23991,3914,4154,17.314826393230796,pass QC
SMC01-T_AAAGATGAGGCCGAAT,15662,3319,1140,7.278763887115311,pass QC
SMC01-T_AAAGATGCATGGATGG,42158,5549,5318,12.614450400872906,fail QC
SMC01-T_AAAGATGTCACGACTA,16813,2990,909,5.406530660798191,pass QC
SMC01-T_AAAGATGTCCGTTGCT,5295,1926,337,6.364494806421152,pass QC
SMC01-T_AAAGCAACAGTCGATT,30116,4839,1754,5.824146633018993,pass QC
SMC01-T_AAAGTAGAGAGGTACC,12239,2603,813,6.642699566958085,pass QC
SMC01-T_AAAGTAGAGGGCTTGA,14699,3035,1761,11.980406830396625,pass QC
SMC01-T_AAAGTAGCAAGGACAC,8099,2511,462,5.704407951598963,pass QC
SMC01-T_AAAGTAGCAAGTAGTA,46890,5903,3333,7.108125399872041,fail QC
SMC01-T_AAAGTAGTCAGCATGT,22435,4834,894,3.984845108090038,pass QC
SMC01-T_AAAGTAGTCTAACTGG,18390,3222,2939,15.981511691136488,pass QC
SMC01-T_AAAGTAGTCTCGCATC,13187,3323,1149,8.713126564040342,pass QC
SMC01-T_AAATGCCAGGATCGCA,26060,4363,2021,7.755180353031466,pass QC
SMC01-T_AAATGCCTCATTTGGG,1191,375,150,12.594458438287154,pass QC
SMC01-T_AACACGTTCTGGCGAC,36413,4684,3797,10.427594540411391,pass QC
SMC01-T_AACCATGCATCACGTA,17245,3217,1341,7.776167004928965,pass QC
SMC01-T_AACCATGCATCGACGC,21044,3682,776,3.6875118798707467,pass QC
SMC01-T_AACCATGGTATAGTAG,31432,3824,1845,5.869814202087046,pass QC
SMC01-T_AACCATGTCACAGTAC,43380,5286,3929,9.057169202397418,pass QC
SMC01-T_AACCATGTCCTTGACC,5041,1738,16,0.3173973417972624,pass QC
SMC01-T_AACCGCGAGTAGCGGT,35117,4817,2113,6.017028789475183,pass QC
SMC01-T_AACCGCGCAGCTCGAC,24572,4100,3409,13.873514569428618,pass QC
SMC01-T_AACCGCGTCTAACCGA,27242,3835,2269,8.329050730489683,pass QC
SMC01-T_AACCGCGTCTTTACGT,8621,2122,870,10.09163670107876,pass QC
SMC01-T_AACGTTGGTAAGGGAA,21101,4778,855,4.0519406663191315,pass QC
SMC01-T_AACGTTGGTGCGGTAA,18946,3570,2731,14.41465216932334,pass QC
SMC01-T_AACTCAGGTTCCGGCA,1314,543,181,13.774733637747335,fail QC
SMC01-T_AACTCCCGTTTGTTGG,17239,3181,681,3.950345147630373,pass QC
SMC01-T_AACTCCCTCTGCAGTA,21758,3905,1043,4.793639121242761,pass QC
SMC01-T_AACTCTTAGTCCGTAT,15097,3104,911,6.034311452606477,pass QC
SMC01-T_AACTCTTCACAACGCC,35764,5400,1807,5.0525668269768484,pass QC
SMC01-T_AACTCTTGTTCGTCTC,30376,3807,2777,9.14208585725573,pass QC
SMC01-T_AACTCTTGTTGCGTTA,36483,5179,2695,7.387002165392101,pass QC
SMC01-T_AACTCTTTCTGGTATG,13511,3416,2569,19.01413662941307,pass QC
SMC01-T_AACTTTCAGGCTAGCA,20478,3731,1185,5.786697919718723,pass QC
SMC01-T_AACTTTCGTACTCGCG,5666,1639,576,10.16590187080833,pass QC
SMC01-T_AACTTTCGTTCGGGCT,4108,1263,3,0.0730282375851996,pass QC
SMC01-T_AAGACCTAGGTAAACT,4756,1454,51,1.0723296888141296,pass QC
SMC01-T_AAGACCTCAGTGGAGT,15269,3577,840,5.501342589560547,pass QC
SMC01-T_AAGCCGCTCCAAACTG,34016,4307,4253,12.50293979303857,pass QC
SMC01-T_AAGGAGCAGCGTTCCG,18119,3859,1418,7.826038964622771,pass QC
SMC01-T_AAGGAGCCACATGGGA,18005,3635,1963,10.902527075812273,pass QC
SMC01-T_AAGGAGCCACTGAAGG,3108,1082,39,1.2548262548262548,fail QC
SMC01-T_AAGGAGCCATCGGACC,11704,2356,1496,12.781954887218044,pass QC
SMC01-T_AAGGAGCTCAGGCAAG,7823,1879,432,5.5221781925092674,pass QC
SMC01-T_AAGGAGCTCTAGAGTC,19951,4294,3267,16.37511904165205,pass QC
SMC01-T_AAGGCAGCAAAGGCGT,32717,5240,1788,5.465048751413638,pass QC
SMC01-T_AAGGTTCCACGTCTCT,16028,3279,971,6.058148240578987,pass QC
SMC01-T_AAGGTTCTCCAATGGT,30728,5087,1451,4.72207758396251,pass QC
SMC01-T_AAGTCTGAGTAAGTAC,4734,1274,426,8.99873257287706,pass QC
SMC01-T_AAGTCTGAGTGGTCCC,40109,5172,4908,12.236655114812137,pass QC
SMC01-T_AATCCAGAGTGCGTGA,22378,3754,1551,6.930914290821343,pass QC
SMC01-T_AATCCAGGTTTGTTGG,34736,4964,5086,14.641870105941962,pass QC
SMC01-T_AATCCAGTCCGCGGTA,21664,3901,2416,11.152141802067947,pass QC
SMC01-T_AATCGGTAGTGGAGTC,18774,3968,786,4.186641099392777,pass QC
SMC01-T_AATCGGTAGTGGCACA,12329,3222,835,6.772649849947279,pass QC
SMC01-T_AATCGGTCAATCGAAA,30266,4438,2822,9.323993920570937,pass QC
SMC01-T_AATCGGTGTCCAACTA,10390,2645,1968,18.941289701636187,fail QC
SMC01-T_ACACCAAGTACAGTTC,6575,1638,436,6.6311787072243344,pass QC
SMC01-T_ACACCAATCTCATTCA,29253,4621,1495,5.110586948347178,pass QC
SMC01-T_ACACTGACATTCTCAT,23141,3220,3513,15.180847845814787,pass QC
SMC01-T_ACACTGATCCTCCTAG,22658,3651,1936,8.544443463677288,pass QC
SMC01-T_ACAGCCGGTCTAGCCG,8602,2264,876,10.183678214368753,pass QC
SMC01-T_ACAGCCGTCCCTAATT,10785,2451,52,0.4821511358368104,pass QC
SMC01-T_ACAGCTAGTTTGGCGC,9821,2397,707,7.198859586600142,pass QC
SMC01-T_ACAGCTATCTGATTCT,24883,4042,936,3.761604308162199,pass QC
SMC01-T_ACATACGAGTTGAGAT,42975,4821,2873,6.685282140779523,pass QC
SMC01-T_ACATACGCACGAAACG,24767,4375,1710,6.904348528283603,pass QC
SMC01-T_ACATACGTCTATCCCG,29715,4295,1865,6.276291435302037,pass QC
SMC01-T_ACATCAGGTAGCGTGA,1564,546,3,0.1918158567774936,fail QC
SMC01-T_ACATCAGTCAGAGACG,51623,5626,3251,6.297580535807683,fail QC
SMC01-T_ACCAGTAAGATCGGGT,41062,5118,3909,9.519750621012129,pass QC
SMC01-T_ACCAGTATCGTCCAGG,17420,3539,1441,8.272101033295064,pass QC
SMC01-T_ACCCACTGTACTTAGC,35494,4316,2765,7.7900490223699785,pass QC
SMC01-T_ACCGTAATCCCTGACT,25877,4552,988,3.8180623719905706,pass QC
SMC01-T_ACCTTTAAGTCGATAA,18713,3262,907,4.846897878480201,pass QC
SMC01-T_ACCTTTATCCCACTTG,26849,4278,4066,15.143953219859213,pass QC
SMC01-T_ACCTTTATCGGTTCGG,31867,4858,1862,5.843035114695453,pass QC
SMC01-T_ACGAGCCCACATTCGA,18381,3723,822,4.472009139872695,pass QC
SMC01-T_ACGAGGACAATCAGAA,3358,1285,5,0.14889815366289458,pass QC
SMC01-T_ACGAGGAGTCTCTCTG,14271,3343,497,3.482587064676617,pass QC
SMC01-T_ACGATACGTAGGGTAC,14363,3511,1017,7.080693448443919,pass QC
SMC01-T_ACGCAGCAGGTTACCT,39296,4990,2101,5.34660016286645,pass QC
SMC01-T_ACGCAGCGTGTAAGTA,15247,2892,1599,10.487308978815504,pass QC
SMC01-T_ACGCAGCTCTACCTGC,1181,563,11,0.9314140558848433,fail QC
SMC01-T_ACGCCAGCACTGCCAG,12615,3109,883,6.999603646452636,pass QC
SMC01-T_ACGCCGAAGCTGCCCA,26855,4108,2472,9.204989759821263,pass QC
SMC01-T_ACGCCGAGTAACGTTC,16290,3014,1358,8.336402701043585,pass QC
SMC01-T_ACGCCGAGTCGTTGTA,14391,2987,1576,10.951289000069488,pass QC
SMC01-T_ACGCCGATCTAACTGG,20748,4056,1117,5.383651436283015,pass QC
SMC01-T_ACGGAGAAGGATGGAA,8568,2184,713,8.321661998132585,pass QC
SMC01-T_ACGGAGACACGGTGTC,36480,4903,4123,11.302083333333334,pass QC
SMC01-T_ACGGCCAGTCATGCCG,33120,5097,5231,15.794082125603865,fail QC
SMC01-T_ACGGGCTAGGTGCAAC,17934,3806,1111,6.194936991189919,pass QC
SMC01-T_ACGGGCTAGTTCGCGC,4229,1159,179,4.232679120359423,pass QC
SMC01-T_ACGGGTCAGATCGATA,43295,5095,3439,7.943180505832083,pass QC
SMC01-T_ACGGGTCAGTGTCCAT,50376,5490,4207,8.351198983643005,fail QC
SMC01-T_ACTATCTCACCTCGGA,1885,740,280,14.854111405835543,fail QC
SMC01-T_ACTATCTCATATGGTC,14272,2589,2769,19.401625560538115,fail QC
SMC01-T_ACTATCTGTATAGTAG,13504,2905,934,6.916469194312796,pass QC
SMC01-T_ACTATCTTCACTTCAT,1833,638,133,7.255864702673214,pass QC
SMC01-T_ACTGAACAGGTGCTTT,13512,3417,750,5.550621669626999,pass QC
SMC01-T_ACTGAACCACAAGACG,25053,3514,3630,14.48928272063226,pass QC
SMC01-T_ACTGAGTGTTGACGTT,27289,4090,3362,12.319982410495072,pass QC
SMC01-T_ACTGAGTTCAATACCG,33368,5079,1397,4.1866458882761926,pass QC
SMC01-T_ACTGATGAGGTTACCT,37361,4534,2492,6.670057011321967,pass QC
SMC01-T_ACTGATGTCAGCTCGG,8070,2387,119,1.4745972738537794,pass QC
SMC01-T_ACTGATGTCCGCATCT,6311,1839,35,0.5545872286483917,pass QC
SMC01-T_ACTGCTCAGCTCAACT,22426,3558,1075,4.793543208775528,pass QC
SMC01-T_ACTGCTCGTTAGAACA,9896,2403,288,2.9102667744543247,pass QC
SMC01-T_ACTGTCCAGCTGAAAT,22204,3976,1158,5.2152765267519365,pass QC
SMC01-T_ACTGTCCAGTCCCACG,2426,881,290,11.953833470733718,fail QC
SMC01-T_ACTGTCCGTTTGTGTG,15997,3179,1456,9.101706569981872,pass QC
SMC01-T_ACTGTCCTCAATACCG,25204,3786,1308,5.18965243612125,pass QC
SMC01-T_ACTGTCCTCACGATGT,38275,5279,4232,11.056825604180274,pass QC
SMC01-T_ACTGTCCTCCAGGGCT,1878,551,172,9.158679446219383,pass QC
SMC01-T_ACTGTCCTCGCCAGCA,30940,3930,1935,6.254040077569489,pass QC
SMC01-T_ACTTACTGTTACGACT,25035,3458,1494,5.967645296584782,pass QC
SMC01-T_ACTTACTGTTAGGGTG,29552,4564,1791,6.060503519220357,pass QC
SMC01-T_ACTTGTTAGACGCACA,19123,3054,1292,6.756262092767871,pass QC
SMC01-T_ACTTGTTAGGCCATAG,30470,4921,1961,6.435838529701346,pass QC
SMC01-T_ACTTGTTCATATGAGA,12196,2830,1083,8.879960642833716,pass QC
SMC01-T_ACTTTCAGTAGGCATG,44380,5487,3407,7.676881478143308,pass QC
SMC01-T_ACTTTCATCCTTTCTC,25824,4516,2840,10.997521685254027,pass QC
SMC01-T_AGACGTTGTGGCTCCA,7318,2069,592,8.0896419786827,pass QC
SMC01-T_AGAGCGACACCCTATC,36498,5235,3049,8.353882404515316,pass QC
SMC01-T_AGAGCGACATGGATGG,7977,2415,266,3.3345869374451547,pass QC
SMC01-T_AGAGCGAGTCGCGTGT,5084,1388,834,16.404405979543665,fail QC
SMC01-T_AGAGCTTAGAGCCTAG,19563,3581,2201,11.250830649695855,pass QC
SMC01-T_AGAGCTTAGGTGCTTT,1003,311,83,8.275174476570289,fail QC
SMC01-T_AGAGCTTAGTTTAGGA,30347,4767,3261,10.745707977724322,pass QC
SMC01-T_AGAGTGGAGACACTAA,28371,4056,3956,13.94381586831624,pass QC
SMC01-T_AGAGTGGTCTGTGCAA,5656,1696,407,7.1958981612446955,pass QC
SMC01-T_AGATCTGAGCCTATGT,29362,4799,1862,6.341529868537565,pass QC
SMC01-T_AGATCTGCATCAGTCA,1362,435,142,10.425844346549193,pass QC
SMC01-T_AGATCTGGTGATGTCT,9040,2235,1571,17.378318584070797,pass QC
SMC01-T_AGATTGCAGTGTGAAT,37466,5039,2493,6.654032989910852,pass QC
SMC01-T_AGCAGCCGTAGATTAG,10185,2584,511,5.017182130584192,pass QC
SMC01-T_AGCAGCCGTATGAAAC,1514,343,222,14.663143989431967,fail QC
SMC01-T_AGCAGCCTCAAAGTAG,37679,5696,2616,6.942859417712784,pass QC
SMC01-T_AGCAGCCTCTAGAGTC,25910,4677,709,2.7363952142030104,pass QC
SMC01-T_AGCATACAGATGGCGT,1493,704,41,2.7461486939048894,fail QC
SMC01-T_AGCATACAGCAGGTCA,26483,4533,1660,6.268172034890307,pass QC
SMC01-T_AGCATACCACCGGAAA,12060,2842,1684,13.963515754560532,pass QC
SMC01-T_AGCATACTCCACGTGG,23659,4139,1628,6.881102328923454,pass QC
SMC01-T_AGCATACTCCGCGCAA,2105,645,172,8.17102137767221,pass QC
SMC01-T_AGCATACTCTTACCTA,34665,4931,3829,11.045723352084234,pass QC
SMC01-T_AGCCTAACAAGTTCTG,27331,4331,2371,8.67513080384911,pass QC
SMC01-T_AGCCTAACAGTTCCCT,30720,4362,2498,8.131510416666666,pass QC
SMC01-T_AGCCTAATCAGCGATT,15951,3257,775,4.858629553006081,pass QC
SMC01-T_AGCGTATAGAGCTGCA,26258,4735,2674,10.183563104577653,pass QC
SMC01-T_AGCGTATCAGGTGGAT,23603,3507,2817,11.934923526670339,pass QC
SMC01-T_AGCGTCGAGATTACCC,23892,3550,2083,8.718399464255818,pass QC
SMC01-T_AGCGTCGGTGTGGCTC,15654,3238,997,6.368979174651847,pass QC
SMC01-T_AGCTCCTTCACATGCA,13638,3395,1452,10.646722393312801,pass QC
SMC01-T_AGCTCTCAGCGATAGC,18437,3864,1877,10.180615067527254,pass QC
SMC01-T_AGCTCTCAGGTGACCA,26156,4453,1938,7.409389814956416,pass QC
SMC01-T_AGCTCTCCAACGATGG,44096,5597,3116,7.066400580551524,pass QC
SMC01-T_AGCTTGATCACTCCTG,27056,4600,1349,4.985955056179775,pass QC
SMC01-T_AGGCCACAGCTGCCCA,2184,1081,87,3.983516483516483,pass QC
SMC01-T_AGGCCACGTTAAGAAC,17684,3073,1305,7.379552137525447,pass QC
SMC01-T_AGGCCACTCCGCTGTT,22899,4008,3339,14.581422769553257,pass QC
SMC01-T_AGGCCGTGTGGTGTAG,14774,2964,2828,19.141735481250848,pass QC
SMC01-T_AGGCCGTTCAGAAATG,28453,4661,3995,14.040698696095316,pass QC
SMC01-T_AGGCCGTTCATTTGGG,26255,4506,2428,9.247762330984575,pass QC
SMC01-T_AGGGAGTAGTGACATA,22724,3505,4096,18.02499559936631,pass QC
SMC01-T_AGGGAGTCAATCACAC,8407,2470,1315,15.641727132151779,pass QC
SMC01-T_AGGGATGGTTCCACGG,29950,4888,1454,4.854757929883139,pass QC
SMC01-T_AGGGATGTCACCTTAT,22260,3578,1964,8.823000898472596,pass QC
SMC01-T_AGGGTGAGTCGCCATG,9078,2275,897,9.881031064111037,pass QC
SMC01-T_AGGGTGATCACGAAGG,33673,4899,2367,7.029370712440235,pass QC
SMC01-T_AGGTCATAGCATCATC,21570,4178,99,0.4589707927677329,pass QC
SMC01-T_AGGTCATTCCCGACTT,41767,5508,2268,5.430124260780041,pass QC
SMC01-T_AGTAGTCTCTCAAGTG,32966,4528,2842,8.621003458108355,pass QC
SMC01-T_AGTCTTTTCTATCCTA,27866,4730,1269,4.553936697050168,pass QC
SMC01-T_AGTGAGGAGTGTCCCG,21234,3208,1761,8.29330319299237,pass QC
SMC01-T_AGTGAGGGTGCGGTAA,12798,2745,809,6.321300203156744,pass QC
SMC01-T_AGTGGGAAGTTACGGG,21445,3528,2460,11.47120540918629,pass QC
SMC01-T_AGTGGGAGTCGGCTCA,2700,567,221,8.185185185185185,pass QC
SMC01-T_ATAACGCAGCCCAATT,33441,4971,1750,5.233097096378697,pass QC
SMC01-T_ATAACGCCATCCCACT,35219,4605,1986,5.6390016752321195,pass QC
SMC01-T_ATAACGCGTTTGACTG,39482,4887,2988,7.568005673471455,pass QC
SMC01-T_ATAAGAGCAAATTGCC,13487,2909,963,7.140209090235042,pass QC
SMC01-T_ATAAGAGTCAAGAAGT,19669,3599,2536,12.893385530530278,pass QC
SMC01-T_ATAGACCAGCAGGCTA,10462,2612,615,5.878417128656089,pass QC
SMC01-T_ATAGACCTCTTTACGT,9850,2378,1168,11.857868020304569,pass QC
SMC01-T_ATCACGACATTAGGCT,30825,4822,2147,6.965125709651257,pass QC
SMC01-T_ATCATCTCATCTATGG,37303,5184,3025,8.109267351151383,pass QC
SMC01-T_ATCATGGCAACGATCT,16578,3795,565,3.4081312582941248,pass QC
SMC01-T_ATCATGGGTACGCTGC,46714,5771,3211,6.873742347047994,fail QC
SMC01-T_ATCATGGTCGGTCTAA,5707,1479,3,0.05256702295426669,pass QC
SMC01-T_ATCCACCTCTGCGGCA,17080,3388,1748,10.234192037470725,pass QC
SMC01-T_ATCCGAATCCGCATCT,1167,370,145,12.425021422450728,fail QC
SMC01-T_ATCGAGTCATCGGAAG,2461,701,259,10.52417716375457,pass QC
SMC01-T_ATCTACTAGGCATTGG,3802,1282,150,3.945291951604419,pass QC
